代碼,學校名稱,公/私立,縣市名稱,地址
11601,私立育才國小,私立,新北市,[234]新北市永和區福和路125巷20號
11602,私立聖心國小,私立,新北市,[249]新北市八里區龍米路一段261號
11603,私立及人國小,私立,新北市,[234]新北市永和區文化路172號
11604,私立竹林國小,私立,新北市,[234]新北市永和區竹林路34號
11606,私立信賢種籽親子實小,私立,新北市,[233]新北市烏來區信賢里娃娃谷41號
13601,市立北大國小,公立,新北市,[237]新北市三峽區國光街100號(門牌初編)
14601,市立板橋國小,公立,新北市,[220]新北市板橋區黃石里文化路一段23號
14602,市立國光國小,公立,新北市,[220]新北市板橋區中正路325巷30號
14603,市立新埔國小,公立,新北市,[220]新北市板橋區新翠里陽明街206號
14604,市立埔墘國小,公立,新北市,[220]新北市板橋區永豐街42之8號
14605,市立莒光國小,公立,新北市,[220]新北市板橋區華翠里莒光路163號
14606,市立後埔國小,公立,新北市,[220]新北市板橋區重慶路157號
14607,市立海山國小,公立,新北市,[220]新北市板橋區漢生東路280號
14608,市立江翠國小,公立,新北市,[220]新北市板橋區松翠里文化路二段413號
14610,市立文聖國小,公立,新北市,[220]新北市板橋區文聖街86號
14611,市立沙崙國小,公立,新北市,[220]新北市板橋區篤行路二段132號
14612,市立文德國小,公立,新北市,[220]新北市板橋區新翠里英士路179號
14613,市立樹林國小,公立,新北市,[238]新北市樹林區樹西里育英街176號
14614,市立文林國小,公立,新北市,[238]新北市樹林區潭底里千歲街59號
14615,市立大同國小,公立,新北市,[238]新北市樹林區大同里大同街43號
14616,市立武林國小,公立,新北市,[238]新北市樹林區保安街二段151號
14617,市立山佳國小,公立,新北市,[238]新北市樹林區中山路三段5號
14618,市立育德國小,公立,新北市,[238]新北市樹林區中山里佳園路一段34號
14619,市立柑園國小,公立,新北市,[238]新北市樹林區柑園街一段353號
14620,市立鶯歌國小,公立,新北市,[239]新北市鶯歌區同慶里尖山埔路106號
14621,市立二橋國小,公立,新北市,[239]新北市鶯歌區二橋里中正三路106號
14622,市立中湖國小,公立,新北市,[239]新北市鶯歌區中湖里中湖街25號
14623,市立鳳鳴國小,公立,新北市,[239]新北市鶯歌區鳳鳴里永和街120號
14624,市立三峽國小,公立,新北市,[237]新北市三峽區中山路16號
14625,市立大埔國小,公立,新北市,[237]新北市三峽區大埔路130號
14626,市立民義國小,公立,新北市,[237]新北市三峽區嘉添里白雞路40號
14627,市立成福國小,公立,新北市,[237]新北市三峽區溪東里溪東路213號
14628,市立大成國小,公立,新北市,[237]新北市三峽區成福路251巷二號
14629,市立建安國小,公立,新北市,[237]新北市三峽區安坑里建安路67號
14630,市立插角國小,公立,新北市,[237]新北市三峽區插角里插角路39號
14631,市立有木國小,公立,新北市,[237]新北市三峽區有木里131號
14632,市立五寮國小,公立,新北市,[237]新北市三峽區五寮里69號
14633,市立中和國小,公立,新北市,[235]新北市中和區中和路100號
14634,市立復興國小,公立,新北市,[235]新北市中和區復興路301巷6號
14635,市立興南國小,公立,新北市,[235]新北市中和區興南路一段135巷24號
14636,市立秀山國小,公立,新北市,[235]新北市中和區立人街2號
14637,市立積穗國小,公立,新北市,[235]新北市中和區員山路154號
14638,市立自強國小,公立,新北市,[235]新北市中和區莒光路200號
14639,市立錦和國小,公立,新北市,[235]新北市中和區圓通路292號
14640,市立景新國小,公立,新北市,[235]新北市中和區景新街467巷37號
14641,市立永和國小,公立,新北市,[234]新北市永和區秀朗路一段120號
14642,市立秀朗國小,公立,新北市,[234]新北市永和區得和路202號
14643,市立頂溪國小,公立,新北市,[234]新北市永和區文化路133號
14644,市立網溪國小,公立,新北市,[234]新北市永和區竹林路79號
14645,市立永平國小,公立,新北市,[234]新北市永和區保生路25號
14646,市立土城國小,公立,新北市,[236]新北市土城區興城路17號
14647,市立清水國小,公立,新北市,[236]新北市土城區金城路二段356號
14648,市立頂埔國小,公立,新北市,[236]新北市土城區頂福里中央路四段205號
14649,市立廣福國小,公立,新北市,[236]新北市土城區學府路一段127號
14650,市立汐止國小,公立,新北市,[221]新北市汐止區大同路二段313號
14651,市立長安國小,公立,新北市,[221]新北市汐止區長興街一段80號
14652,市立保長國小,公立,新北市,[221]新北市汐止區大同路三段553號
14653,市立崇德國小,公立,新北市,[221]新北市汐止區茄苳里茄苳路158號
14654,市立北港國小,公立,新北市,[221]新北市汐止區汐萬路二段279號
14655,市立北峰國小,公立,新北市,[221]新北市汐止區中興里環河街1號
14656,市立東山國小,公立,新北市,[221]新北市汐止區東山里汐平路二段76號
14657,市立白雲國小,公立,新北市,[221]新北市汐止區福山里民權街二段90號
14658,市立萬里國小,公立,新北市,[207]新北市萬里區瑪鋉路18號
14659,市立野柳國小,公立,新北市,[207]新北市萬里區野柳里港東路167號
14660,市立大鵬國小,公立,新北市,[207]新北市萬里區大鵬里加投路14號
14661,市立大坪國小,公立,新北市,[207]新北市萬里區雙興里大坪路1號
14662,市立崁腳國小,公立,新北市,[207]新北市萬里區崁脚里崁脚路59號
14663,市立金山國小,公立,新北市,[208]新北市金山區中山路234號
14664,市立中角國小,公立,新北市,[208]新北市金山區萬壽里海興路49號
14665,市立三和國小,公立,新北市,[208]新北市金山區重和里十一鄰六股林口38號
14666,市立新店國小,公立,新北市,[231]新北市新店區新店路2號
14667,市立直潭國小,公立,新北市,[231]新北市新店區直潭路92號
14668,市立青潭國小,公立,新北市,[231]新北市新店區北宜路二段80號
14669,市立雙峰國小,公立,新北市,[231]新北市新店區北宜路三段66號
14670,市立大豐國小,公立,新北市,[231]新北市新店區民族路108號
14671,市立中正國小,公立,新北市,[231]新北市新店區三民路36號
14672,市立安坑國小,公立,新北市,[231]新北市新店區安忠路36號
14673,市立雙城國小,公立,新北市,[231]新北市新店區安康路三段322號
14674,市立屈尺國小,公立,新北市,[231]新北市新店區屈尺路55號
14675,市立龜山國小,公立,新北市,[231]新北市新店區新烏路三段99巷10號
14676,市立深坑國小,公立,新北市,[222]新北市深坑區深坑里文化街45號
14677,市立石碇國小,公立,新北市,[223]新北市石碇區石碇里石碇西街15號
14678,市立和平國小,公立,新北市,[223]新北市石碇區隆盛里八分寮5號
14679,市立永定國小,公立,新北市,[223]新北市石碇區永定里靜安路一段245號
14680,市立雲海國小,公立,新北市,[223]新北市石碇區北宜路五段坑內巷1號
14682,市立坪林國小,公立,新北市,[232]新北市坪林區坪林里坪林街114號
14684,市立烏來國(中)小,公立,新北市,[233]新北市烏來區啦卡路5號
14685,市立福山國小,公立,新北市,[233]新北市烏來區福山里李茂岸56號
14686,市立瑞芳國小,公立,新北市,[224]新北市瑞芳區龍川里中山路2號
14687,市立義方國小,公立,新北市,[224]新北市瑞芳區龍山里逢甲路360號
14688,市立瑞柑國小,公立,新北市,[224]新北市瑞芳區明燈路一段18巷13號
14689,市立瑞濱國小,公立,新北市,[224]新北市瑞芳區瑞濱路34號
14690,市立九份國小,公立,新北市,[224]新北市瑞芳區永慶里崙頂路145號
14691,市立瓜山國小,公立,新北市,[224]新北市瑞芳區石山里五號路306號
14692,市立濂洞國小,公立,新北市,[224]新北市瑞芳區濓洞里洞頂路101巷80號
14693,市立猴硐國小,公立,新北市,[224]新北市瑞芳區弓橋里九芎橋路69-1號
14694,市立瑞亭國小,公立,新北市,[224]新北市瑞芳區四腳亭埔路23號
14695,市立吉慶國小,公立,新北市,[224]新北市瑞芳區吉安里大埔路95號
14696,市立鼻頭國小,公立,新北市,[224]新北市瑞芳區鼻頭里鼻頭路99號
14697,市立雙溪國小,公立,新北市,[227]新北市雙溪區共和里東榮街54號
14698,市立柑林國小,公立,新北市,[227]新北市雙溪區長源里柑腳3號
14699,市立上林國小,公立,新北市,[227]新北市雙溪區上林里內平林60號
14700,市立牡丹國小,公立,新北市,[227]新北市雙溪區三貂里政光路3號
14702,市立貢寮國小,公立,新北市,[228]新北市貢寮區雙玉里學苑街7號
14703,市立福隆國小,公立,新北市,[228]新北市貢寮區福隆里東興街35號
14704,市立澳底國小,公立,新北市,[228]新北市貢寮區真理里延平街10號
14706,市立和美國小,公立,新北市,[228]新北市貢寮區和美里龍洞街1之9號
14708,市立福連國小,公立,新北市,[228]新北市貢寮區福連里福連街1號
14709,市立平溪國小,公立,新北市,[226]新北市平溪區平溪街56號
14710,市立菁桐國小,公立,新北市,[226]新北市平溪區菁桐街45號
14711,市立十分國小,公立,新北市,[226]新北市平溪區十分里十分街157號
14712,市立淡水國小,公立,新北市,[251]新北市淡水區協元里中山路160號
14713,市立育英國小,公立,新北市,[251]新北市淡水區埤島里14號
14714,市立文化國小,公立,新北市,[251]新北市淡水區文化里真理街6號
14715,市立天生國小,公立,新北市,[251]新北市淡水區淡海路72巷26號
14716,市立水源國小,公立,新北市,[251]新北市淡水區水源里北新路二段15號
14717,市立興仁國小,公立,新北市,[251]新北市淡水區興仁路101巷10號
14718,市立忠山國小,公立,新北市,[251]新北市淡水區忠山里行忠路899號
14719,市立屯山國小,公立,新北市,[251]新北市淡水區淡金路五段111號
14720,市立中泰國小,公立,新北市,[251]新北市淡水區中和里北勢子5號
14721,市立坪頂國小,公立,新北市,[251]新北市淡水區坪頂路757號
14722,市立竹圍國小,公立,新北市,[251]新北市淡水區中正東路二段145號
14723,市立石門國小,公立,新北市,[253]新北市石門區尖鹿里中央路9號
14724,市立乾華國小,公立,新北市,[253]新北市石門區茂林里茂林社區74號
14725,市立老梅國小,公立,新北市,[253]新北市石門區老梅里老梅路10號
14726,市立三芝國小,公立,新北市,[252]新北市三芝區埔頭里育英街22號
14727,市立橫山國小,公立,新北市,[252]新北市三芝區橫山里86號
14728,市立興華國小,公立,新北市,[252]新北市三芝區興華里5號
14729,市立新莊國小,公立,新北市,[242]新北市新莊區立人里中正路86號
14730,市立中港國小,公立,新北市,[242]新北市新莊區立志里中港一街142號
14731,市立思賢國小,公立,新北市,[242]新北市新莊區自立街229號
14732,市立頭前國小,公立,新北市,[242]新北市新莊區頭前里化成路231號
14733,市立國泰國小,公立,新北市,[242]新北市新莊區中正路386號
14734,市立豐年國小,公立,新北市,[242]新北市新莊區國泰里瓊泰路116號
14735,市立丹鳳國小,公立,新北市,[242]新北市新莊區新北大道七段437號
14736,市立光華國小,公立,新北市,[242]新北市新莊區龍安路452號
14737,市立民安國小,公立,新北市,[242]新北市新莊區民全里民安路二六一號
14738,市立昌隆國小,公立,新北市,[242]新北市新莊區昌隆街63號
14739,市立泰山國小,公立,新北市,[243]新北市泰山區泰林路二段255號
14740,市立明志國小,公立,新北市,[243]新北市泰山區新生路2號
14741,市立成州國小,公立,新北市,[248]新北市五股區成泰路三段493號
14742,市立更寮國小,公立,新北市,[248]新北市五股區四維路2號
14743,市立五股國小,公立,新北市,[248]新北市五股區五股里成泰路二段49號
14744,市立蘆洲國小,公立,新北市,[247]新北市蘆洲區中正路100號
14745,市立鷺江國小,公立,新北市,[247]新北市蘆洲區民族路7號
14746,市立八里國小,公立,新北市,[249]新北市八里區舊城里中山路二段338號
14747,市立長坑國小,公立,新北市,[249]新北市八里區中華路三段236號
14748,市立米倉國小,公立,新北市,[249]新北市八里區米倉里龍米路2段129巷1號
14749,市立林口國小,公立,新北市,[244]新北市林口區菁湖里林口路76號
14750,市立南勢國小,公立,新北市,[244]新北市林口區南勢五街2號
14751,市立嘉寶國小,公立,新北市,[244]新北市林口區嘉寶里22號
14752,市立瑞平國小,公立,新北市,[244]新北市林口區太平里後坑路34之1號
14753,市立興福國小,公立,新北市,[244]新北市林口區下福里20鄰一○之一號
14754,市立三重國小,公立,新北市,[241]新北市三重區三和路三段1號
14755,市立永福國小,公立,新北市,[241]新北市三重區永福里永福街66號
14756,市立光榮國小,公立,新北市,[241]新北市三重區介壽路32號
14757,市立厚德國小,公立,新北市,[241]新北市三重區忠孝路一段70號
14758,市立碧華國小,公立,新北市,[241]新北市三重區五華街160號
14759,市立三光國小,公立,新北市,[241]新北市三重區同安里大同南路157號
14760,市立光興國小,公立,新北市,[241]新北市三重區正義南路62號
14761,市立正義國小,公立,新北市,[241]新北市三重區信義西街31號
14762,市立修德國小,公立,新北市,[241]新北市三重區重陽路三段3號
14763,市立二重國小,公立,新北市,[241]新北市三重區二重里大有街10號
14764,市立興穀國小,公立,新北市,[241]新北市三重區五谷王北街46號
14765,市立興化國小,公立,新北市,[248]新北市新莊區福興里五工二路50巷2號
14766,市立中山國小,公立,新北市,[220]新北市板橋區大觀路二段59巷31號
14767,市立三多國小,公立,新北市,[238]新北市樹林區三福街52號
14768,市立實踐國小,公立,新北市,[220]新北市板橋區實踐路93巷51號
14769,市立大觀國小,公立,新北市,[220]新北市板橋區大觀路一段30號
14770,市立溪洲國小,公立,新北市,[220]新北市板橋區金門街289號
14771,市立信義國小,公立,新北市,[220]新北市板橋區四川路二段245巷60號
14772,市立重慶國小,公立,新北市,[220]新北市板橋區廣和街31號
14773,市立樂利國小,公立,新北市,[236]新北市土城區裕生路65號
14774,市立安和國小,公立,新北市,[236]新北市土城區延和路23號
14775,市立彭福國小,公立,新北市,[238]新北市樹林區忠孝街30號
14776,市立育林國小,公立,新北市,[238]新北市樹林區復興路395號
14777,市立建國國小,公立,新北市,[239]新北市鶯歌區育英街2號
14778,市立安溪國小,公立,新北市,[237]新北市三峽區中華路42號
14779,市立樟樹國小,公立,新北市,[221]新北市汐止區樟樹一路141巷2號
14780,市立金美國小,公立,新北市,[208]新北市金山區忠孝一路111號
14781,市立新和國小,公立,新北市,[231]新北市新店區安和路三段100號
14782,市立鄧公國小,公立,新北市,[251]新北市淡水區學府里學府路99號
14783,市立新興國小,公立,新北市,[251]新北市淡水區新興街123號
14784,市立重陽國小,公立,新北市,[241]新北市三重區中正北路113號
14785,市立五華國小,公立,新北市,[241]新北市三重區集賢路89號
14786,市立成功國小,公立,新北市,[247]新北市蘆洲區長安街311號
14787,市立仁愛國小,公立,新北市,[247]新北市蘆洲區民族路488號
14788,市立榮富國小,公立,新北市,[242]新北市新莊區中和街193號
14789,市立裕民國小,公立,新北市,[242]新北市新莊區裕民街123號
14790,市立新泰國小,公立,新北市,[242]新北市新莊區公園一路91號
14791,市立中信國小,公立,新北市,[242]新北市新莊區中信街168號
14792,市立德音國小,公立,新北市,[248]新北市五股區明德路2號
14793,市立麗園國小,公立,新北市,[244]新北市林口區忠孝路591號
14794,市立北新國小,公立,新北市,[231]新北市新店區寶橋路8號
14795,市立同榮國小,公立,新北市,[243]新北市泰山區公園路33號
14796,市立光復國小,公立,新北市,[235]新北市中和區光環路二段1號
14797,市立秀峰國小,公立,新北市,[221]新北市汐止區仁愛路90號
14798,市立金龍國小,公立,新北市,[221]新北市汐止區明峰街201號
14799,市立介壽國小,公立,新北市,[237]新北市三峽區大同路1號
14801,市立昌平國小,公立,新北市,[242]新北市新莊區昌平街200號
14802,市立麗林國小,公立,新北市,[244]新北市林口區公園路46號
14803,市立集美國小,公立,新北市,[241]新北市三重區集美街10號
14804,市立永吉國小,公立,新北市,[239]新北市鶯歌區德昌二街2號
14805,市立大崁國小,公立,新北市,[249]新北市八里區忠八街2號
14806,市立中園國小,公立,新北市,[237]新北市三峽區大同路222巷22弄2號
14807,市立昌福國小,公立,新北市,[239]新北市鶯歌區永明街22號
14808,市立忠義國小,公立,新北市,[247]新北市蘆洲區光榮路99號
14809,市立豐珠國(中)小,公立,新北市,[228]新北市貢寮區美豐里雞母嶺街6-6號
14811,市立青山國(中)小,公立,新北市,[221]新北市汐止區莊敬街33號
14812,市立義學國小,公立,新北市,[243]新北市泰山區民生路30號
14813,市立達觀國(中)小,公立,新北市,[231]新北市新店區僑信路1號
14814,市立桃子腳國(中)小,公立,新北市,[238]新北市樹林區學勤路555號
14815,市立龍埔國小,公立,新北市,[237]新北市三峽區大學路6號
14816,市立頭湖國小,公立,新北市,[244]新北市林口區民權路101號
14817,市立新市國小,公立,新北市,[251]新北市淡水區中山北路二段200號
313601,市立松山國小,公立,臺北市,[105]臺北市松山區八德路四段746號
313602,市立西松國小,公立,臺北市,[105]臺北市松山區東光里三民路5號
313604,市立敦化國小,公立,臺北市,[105]臺北市松山區中正里敦化北路2號
313605,市立民生國小,公立,臺北市,[105]臺北市松山區敦化北路199巷18號
313606,市立民權國小,公立,臺北市,[105]臺北市松山區民權東路四段200號
313607,市立民族國小,公立,臺北市,[105]臺北市松山區民生東路4段97巷7號
313608,市立三民國小,公立,臺北市,[105]臺北市松山區莊敬里民權東路五段1號
313609,市立健康國小,公立,臺北市,[105]臺北市松山區延壽街168號
323601,市立興雅國小,公立,臺北市,[110]臺北市信義區雅祥里基隆路1段83巷9號
323602,市立永春國小,公立,臺北市,[110]臺北市信義區永春里松山路225巷48號
323603,市立光復國小,公立,臺北市,[110]臺北市信義區光復南路271號
323604,市立三興國小,公立,臺北市,[110]臺北市信義區景聯里基隆路2段99號
323605,市立信義國小,公立,臺北市,[110]臺北市信義區松勤街60號
323606,市立吳興國小,公立,臺北市,[110]臺北市信義區松仁路226號
323607,市立福德國小,公立,臺北市,[110]臺北市信義區中行里褔德街253號
323608,市立永吉國小,公立,臺北市,[110]臺北市信義區永春里松山路287巷5號
323609,市立博愛國小,公立,臺北市,[110]臺北市信義區松仁路22鄰95巷20號
330601,國立臺北教大實小,公立,臺北市,[106]臺北市大安區龍淵里和平東路2段94號
331601,私立復興國小,私立,臺北市,[106]臺北市大安區仁愛里敦化南路1段262號
331602,私立立人國(中)小,私立,臺北市,[106]臺北市大安區義榮里安和路二段99號
331603,私立新民小學,私立,臺北市,[106]臺北市大安區龍坡里辛亥路1段113號
333601,市立龍安國小,公立,臺北市,[106]臺北市大安區龍門里新生南路3段33號
333602,市立大安國小,公立,臺北市,[106]臺北市大安區芳和里臥龍街129號
333603,市立幸安國小,公立,臺北市,[106]臺北市大安區民炤里仁愛路3段22號
333604,市立建安國小,公立,臺北市,[106]臺北市大安區龍雲里大安路2段99號
333605,市立仁愛國小,公立,臺北市,[106]臺北市大安區敦安里安和路1段60號
333606,市立金華國小,公立,臺北市,[106]臺北市大安區永康里愛國東路79巷11號
333607,市立古亭國小,公立,臺北市,[106]臺北市大安區古風里羅斯福路3段201號
333608,市立銘傳國小,公立,臺北市,[106]臺北市大安區農場里羅斯褔路四段21號
333609,市立公館國小,公立,臺北市,[106]臺北市大安區基隆路4段41巷68弄2號
333610,市立新生國小,公立,臺北市,[106]臺北市大安區新生南路二段36號
343601,市立中山國小,公立,臺北市,[104]臺北市中山區恆安里民權東路1段69號
343602,市立中正國小,公立,臺北市,[104]臺北市中山區力行里龍江路62號
343603,市立長安國小,公立,臺北市,[104]臺北市中山區興亞里吉林路15號
343604,市立長春國小,公立,臺北市,[104]臺北市中山區中央里長春路165號
343605,市立大直國小,公立,臺北市,[104]臺北市中山區大直里大直街2號
343606,市立大佳國小,公立,臺北市,[104]臺北市中山區大佳里6鄰濱江街107號
343607,市立五常國小,公立,臺北市,[104]臺北市中山區下埤里五常街16號
343608,市立吉林國小,公立,臺北市,[104]臺北市中山區中原里長春路116號
343609,市立懷生國小,公立,臺北市,[104]臺北市中山區埤頭里安東街16巷2號
343610,市立永安國小,公立,臺北市,[104]臺北市中山區明水路397巷19弄1號
343611,市立濱江國小,公立,臺北市,[104]臺北市中山區樂群二路266巷99號
353601,市立螢橋國小,公立,臺北市,[100]臺北市中正區螢雪里詔安街29號
353602,市立河堤國小,公立,臺北市,[100]臺北市中正區汀州路二段180號
353603,市立忠義國小,公立,臺北市,[100]臺北市中正區中華路二段307巷17號
353604,市立國語實小,公立,臺北市,[100]臺北市中正區龍光里南海路58號
353605,市立南門國小,公立,臺北市,[100]臺北市中正區南門里廣州街6號
353606,市立東門國小,公立,臺北市,[100]臺北市中正區東門里仁愛路一段2-4號
353607,市立忠孝國小,公立,臺北市,[100]臺北市中正區梅花里忠孝東路2段101號
353608,臺北市立大學附小,公立,臺北市,[100]臺北市中正區黎明里公園路29號
363601,市立蓬萊國小,公立,臺北市,[103]臺北市大同區星明里寧夏路35號
363602,市立日新國小,公立,臺北市,[103]臺北市大同區星明里太原路151號
363603,市立太平國小,公立,臺北市,[103]臺北市大同區南芳里延平北路2段239號
363604,市立永樂國小,公立,臺北市,[103]臺北市大同區南芳里延平北路2段266號
363605,市立雙蓮國小,公立,臺北市,[103]臺北市大同區民權里錦西街51號
363606,市立大同國小,公立,臺北市,[103]臺北市大同區蓬萊里大龍街51號
363607,市立大龍國小,公立,臺北市,[103]臺北市大同區保安里哈密街47號
363608,市立延平國小,公立,臺北市,[103]臺北市大同區國慶里昌吉街97號
363609,市立大橋國小,公立,臺北市,[103]臺北市大同區隆和里重慶北路3段2號
371601,私立光仁小學,私立,臺北市,[108]臺北市萬華區壽德里萬大路423巷15號
373601,市立新和國小,公立,臺北市,[108]臺北市萬華區西藏路125巷31號
373602,市立雙園國小,公立,臺北市,[108]臺北市萬華區雙園里莒光路315號
373603,市立東園國小,公立,臺北市,[108]臺北市萬華區全德里東園街195號
373604,市立大理國小,公立,臺北市,[108]臺北市萬華區綠堤里艋舺大道389號
373605,市立西園國小,公立,臺北市,[108]臺北市萬華區日善里東園街73巷65號
373606,市立萬大國小,公立,臺北市,[108]臺北市萬華區全德里萬大路346號
373607,市立華江國小,公立,臺北市,[108]臺北市萬華區環河南路2段250巷42弄2號
373608,市立西門國小,公立,臺北市,[108]臺北市萬華區西門里成都路98號
373609,市立老松國小,公立,臺北市,[108]臺北市萬華區福音里桂林路64號
373610,市立龍山國小,公立,臺北市,[108]臺北市萬華區青山里和平西路三段235號
373611,市立福星國小,公立,臺北市,[108]臺北市萬華區福星里中華路一段66號
380601,國立政大實小,公立,臺北市,[116]臺北市文山區指南路三段12號
381601,私立靜心小學,私立,臺北市,[116]臺北市文山區興福里興隆路2段46號
381602,私立中山小學,私立,臺北市,[116]臺北市文山區木柵路1段292號
381603,私立再興小學,私立,臺北市,[116]臺北市文山區明義里興隆路4段2號
383601,市立景美國小,公立,臺北市,[116]臺北市文山區景行里景文街108號
383602,市立武功國小,公立,臺北市,[116]臺北市文山區萬祥里興隆路1段68號
383603,市立興德國小,公立,臺北市,[116]臺北市文山區興邦里興隆路2段235號
383604,市立溪口國小,公立,臺北市,[116]臺北市文山區景慶里景福街225號
383605,市立興隆國小,公立,臺北市,[116]臺北市文山區興望里福興路2號
383606,市立志清國小,公立,臺北市,[116]臺北市文山區景仁里景福街21巷5號
383607,市立景興國小,公立,臺北市,[116]臺北市文山區興安里景華街150巷21號
383608,市立木柵國小,公立,臺北市,[116]臺北市文山區木柵里木柵路3段191號
383609,市立永建國小,公立,臺北市,[116]臺北市文山區華興里試院路2號
383610,市立實踐國小,公立,臺北市,[116]臺北市文山區樟文里忠順街1段4號
383611,市立博嘉國小,公立,臺北市,[116]臺北市文山區木柵路4段159巷14-1號
383612,市立指南國小,公立,臺北市,[116]臺北市文山區指南路三段38巷5-2號
383613,市立明道國小,公立,臺北市,[116]臺北市文山區明興里木柵路2段138巷61號
383614,市立萬芳國小,公立,臺北市,[116]臺北市文山區萬芳里萬和街1號
383615,市立力行國小,公立,臺北市,[116]臺北市文山區樟腳里木新路3段155巷7號
383616,市立萬興國小,公立,臺北市,[116]臺北市文山區萬興里秀明路2段114號
383617,市立萬福國小,公立,臺北市,[116]臺北市文山區羅斯福路5段170巷32號
383618,市立興華國小,公立,臺北市,[116]臺北市文山區興光里興隆路3段125巷6號
383619,市立辛亥國小,公立,臺北市,[116]臺北市文山區興昌里辛亥路4段103號
393601,市立南港國小,公立,臺北市,[115]臺北市南港區三重里惠民街67號
393602,市立舊莊國小,公立,臺北市,[115]臺北市南港區舊莊里舊莊街1段100號
393603,市立玉成國小,公立,臺北市,[115]臺北市南港區西新里向陽路31號
393604,市立成德國小,公立,臺北市,[115]臺北市南港區聯成里東新街65號
393605,市立胡適國小,公立,臺北市,[115]臺北市南港區中研里舊莊街1段1號
393606,市立東新國小,公立,臺北市,[115]臺北市南港區東新里興南街62號
393607,市立修德國小,公立,臺北市,[115]臺北市南港區東新街118巷86號
403601,市立內湖國小,公立,臺北市,[114]臺北市內湖區港富里內湖路二段41號
403602,市立碧湖國小,公立,臺北市,[114]臺北市內湖區內湖里金龍路100號
403603,市立潭美國小,公立,臺北市,[114]臺北市內湖區石潭里新明路22號
403604,市立東湖國小,公立,臺北市,[114]臺北市內湖區東湖里東湖路115號
403605,市立西湖國小,公立,臺北市,[114]臺北市內湖區西湖里環山路1段25號
403606,市立康寧國小,公立,臺北市,[114]臺北市內湖區清白里星雲街121號
403607,市立明湖國小,公立,臺北市,[114]臺北市內湖區東湖里康寧路3段105號
403608,市立麗山國小,公立,臺北市,[114]臺北市內湖區港都里港華街100號
403609,市立新湖國小,公立,臺北市,[114]臺北市內湖區湖興里民權東路6段138號
403610,市立文湖國小,公立,臺北市,[114]臺北市內湖區西康里文湖街15號
403611,市立大湖國小,公立,臺北市,[114]臺北市內湖區大湖里大湖山莊街170號
403612,市立南湖國小,公立,臺北市,[114]臺北市內湖區葫洲里康寧路3段200號
403613,市立麗湖國小,公立,臺北市,[114]臺北市內湖區金湖路363巷8號
411601,私立華興小學,私立,臺北市,[111]臺北市士林區芝山里仰德大道1段101號
413601,市立士林國小,公立,臺北市,[111]臺北市士林區福德里大東路165號
413602,市立士東國小,公立,臺北市,[111]臺北市士林區蘭雅里中山北路6段392號
413603,市立福林國小,公立,臺北市,[111]臺北市士林區福志里福志路75號
413604,市立陽明山國小,公立,臺北市,[111]臺北市士林區新安里仰德大道3段61號
413605,市立社子國小,公立,臺北市,[111]臺北市士林區永倫里延平北路六段308號
413606,市立雨聲國小,公立,臺北市,[111]臺北市士林區岩山里至誠路1段62巷70號
413607,市立富安國小,公立,臺北市,[111]臺北市士林區富洲里延平北路8段135號
413608,市立劍潭國小,公立,臺北市,[111]臺北市士林區明勝里通河街16號
413609,市立溪山國小,公立,臺北市,[111]臺北市士林區溪山里至善路3段199號
413610,市立平等國小,公立,臺北市,[111]臺北市士林區平等里平菁街101號
413611,市立百齡國小,公立,臺北市,[111]臺北市士林區福中里福港街205號
413612,市立雙溪國小,公立,臺北市,[111]臺北市士林區翠山里中社路2段66號
413613,市立葫蘆國小,公立,臺北市,[111]臺北市士林區環河北路3段95號
413614,市立雨農國小,公立,臺北市,[111]臺北市士林區名山里忠義街1號
413615,市立天母國小,公立,臺北市,[111]臺北市士林區天玉里天玉街12號
413616,市立文昌國小,公立,臺北市,[111]臺北市士林區文林路615巷20號
413617,市立芝山國小,公立,臺北市,[111]臺北市士林區芝山里德行東路285號
413618,市立蘭雅國小,公立,臺北市,[111]臺北市士林區蘭興里磺溪街57號
413619,市立三玉國小,公立,臺北市,[111]臺北市士林區三玉里天母東路116號
421601,私立薇閣小學,私立,臺北市,[112]臺北市北投區長安里育仁路106號
423601,市立北投國小,公立,臺北市,[112]臺北市北投區長安里中央北路1段73號
423602,市立逸仙國小,公立,臺北市,[112]臺北市北投區中心里新民路2號
423603,市立石牌國小,公立,臺北市,[112]臺北市北投區吉利里致遠二路80號
423604,市立關渡國小,公立,臺北市,[112]臺北市北投區一德里中央北路4段581號
423605,市立湖田國小,公立,臺北市,[112]臺北市北投區湖田里竹子湖路17之2號
423606,市立清江國小,公立,臺北市,[112]臺北市北投區奇岩里公館路220號
423607,市立泉源國小,公立,臺北市,[112]臺北市北投區泉源里東昇路34號
423608,市立大屯國小,公立,臺北市,[112]臺北市北投區大屯里復興三路312號
423609,市立湖山國小,公立,臺北市,[112]臺北市北投區湖山里湖底路11號
423610,市立桃源國小,公立,臺北市,[112]臺北市北投區中央北路3段40巷45號
423611,市立文林國小,公立,臺北市,[112]臺北市北投區建民里文林北路155號
423612,市立義方國小,公立,臺北市,[112]臺北市北投區珠海路155號
423613,市立立農國小,公立,臺北市,[112]臺北市北投區立農里立農街1段250號
423614,市立明德國小,公立,臺北市,[112]臺北市北投區榮華里明德路190號
423616,市立文化國小,公立,臺北市,[112]臺北市北投區文化里文化三路1號